Company Name,Skills,Experience,Location,More Info
East India Securities Ltd.,"python,hadoop,machinelearning",2 - 5 yrs,Kolkata,https://www.timesjobs.com/job-detail/python-engineer-east-india-securities-ltd-kolkata-2-to-5-yrs-jobid-KEkE19WqPbFzpSvf__PLUS__uAgZw==&source=srp
Dreamajax Technologies,"python,django,api,sql,nosql",4 - 7 yrs,Bengaluru / Bangalore,https://www.timesjobs.com/job-detail/python-developer-dreamajax-technologies-bengaluru-bangalore-4-to-7-yrs-jobid-EWIVCDzRLKBzpSvf__PLUS__uAgZw==&source=srp
Infinity Group,"python,css,django,html,bootstrap",2 - 5 yrs,Noida/Greater Noida,https://www.timesjobs.com/job-detail/python-developer-infinity-group-noida-greater-noida-2-to-5-yrs-jobid-efOg3e9X__SLASH__D9zpSvf__PLUS__uAgZw==&source=srp
Innovator Web Solutions Pvt.Ltd.,"rest,python,django,webdeveloper,mysql,api",5 - 8 yrs,Mumbai,https://www.timesjobs.com/job-detail/python-developer-innovator-web-solutions-pvt-ltd-mumbai-5-to-8-yrs-jobid-OO__SLASH__Qb2Q7MfpzpSvf__PLUS__uAgZw==&source=srp
Axistechnolabs,"python,django,itskills,html5,api,jquery",0 - 1 yrs,Ahmedabad,https://www.timesjobs.com/job-detail/python-odoo-axistechnolabs-ahmedabad-0-to-1-yrs-jobid-HzL8naalyxFzpSvf__PLUS__uAgZw==&source=srp
Sourcedesk Global Private Limited,"html5,storage,python,javascript,django,infrastructure",3 - 15 yrs,Kolkata,https://www.timesjobs.com/job-detail/python-developer-sourcedesk-global-private-limited-kolkata-3-to-15-yrs-jobid-A27Uf03p2IJzpSvf__PLUS__uAgZw==&source=srp
Connecting 2 Work,"python,storage,django,testingtools,debugging",5 - 10 yrs,Thiruvananthapuram,https://www.timesjobs.com/job-detail/python-developer-connecting-2-work-thiruvananthapuram-5-to-10-yrs-jobid-Tebue__SLASH__8iTzVzpSvf__PLUS__uAgZw==&source=srp
Ivan Infotech Pvt. Ltd.,"rest,python,security,debugging",2 - 5 yrs,Kolkata,https://www.timesjobs.com/job-detail/python-developer-ivan-infotech-pvt-ltd-kolkata-2-to-5-yrs-jobid-1h6sLaqbaBZzpSvf__PLUS__uAgZw==&source=srp
Axistechnolabs,"python,css,userinteraction,bootstrap,openerp,database,xml,oops,html",0 - 1 yrs,Ahmedabad,https://www.timesjobs.com/job-detail/python-developer-axistechnolabs-ahmedabad-0-to-1-yrs-jobid-UqL7KgAUov1zpSvf__PLUS__uAgZw==&source=srp
Nuagebiz.Tech,"python,mobile,teamplayer,svn,security,git,softwareengineering",2 - 5 yrs,Noida/Greater Noida,https://www.timesjobs.com/job-detail/python-developer-nuagebiz-tech-noida-greater-noida-2-to-5-yrs-jobid-FzYRc8JWI0hzpSvf__PLUS__uAgZw==&source=srp
Axistechnolabs,"python,django,html5,teamplayer,angularjs,javascript",1 - 4 yrs,Ahmedabad,https://www.timesjobs.com/job-detail/python-developer-axistechnolabs-ahmedabad-1-to-4-yrs-jobid-jBHxIZqZMQxzpSvf__PLUS__uAgZw==&source=srp
Pegasus Knowledge Solutions India Pvt Ltd.,"python,css,django,java,html,bootstrap,api,jquery,sql",0 - 3 yrs,Bengaluru / Bangalore,https://www.timesjobs.com/job-detail/python-developer-pegasus-knowledge-solutions-india-pvt-ltd-bengaluru-bangalore-0-to-3-yrs-jobid-XiCKMhU2A29zpSvf__PLUS__uAgZw==&source=srp
Gammastack Indore,"python,database,django,restapi,oops,machinelearning,artificialintelligence",0 - 3 yrs,Indore,https://www.timesjobs.com/job-detail/python-developer-gammastack-indore-indore-0-to-3-yrs-jobid-k5C0GmkyZ8JzpSvf__PLUS__uAgZw==&source=srp
Techasoft Pvt Ltd,"python,javascript,docker,django,postgresql,oops,mysql,mongodb,opencv",0 - 3 yrs,Bengaluru / Bangalore,https://www.timesjobs.com/job-detail/python-developer-techasoft-pvt-ltd-bengaluru-bangalore-0-to-3-yrs-jobid-Zn8__SLASH__9rCyRjNzpSvf__PLUS__uAgZw==&source=srp
Wbc Software Lab,"python,git,restapi,linux,mobile,mongodb,docker",2 - 5 yrs,Chennai,https://www.timesjobs.com/job-detail/python-developer-wbc-software-lab-chennai-2-to-5-yrs-jobid-P78tL4SfAddzpSvf__PLUS__uAgZw==&source=srp
Fluper Limited,"c#,python,virtualreality,mobile,augmentedreality,opencv",2 - 7 yrs,Noida/Greater Noida,https://www.timesjobs.com/job-detail/python-developer-fluper-limited-noida-greater-noida-2-to-7-yrs-jobid-ETCeznAalQBzpSvf__PLUS__uAgZw==&source=srp
Cybage Software Pvt Ltd,"python,html5,javascript,nosql,docker,django,softwaredeveloper,mongodb",4 - 7 yrs,"Gandhinagar,  Hyderabad/Secunderabad,  Pune",https://www.timesjobs.com/job-detail/python-developer-cybage-software-pvt-ltd-gandhinagar-hyderabad-secunderabad-pune-4-to-7-yrs-jobid-GN9SDLPIUuJzpSvf__PLUS__uAgZw==&source=srp
Wing Global It Services,"springboot,python,java,django,jpa,hibernate",2 - 5 yrs,Panchkula,https://www.timesjobs.com/job-detail/python-developer-wing-global-it-services-panchkula-2-to-5-yrs-jobid-__PLUS__fePw2G3HHZzpSvf__PLUS__uAgZw==&source=srp
Connecting 2 Work,"securitycompliance,python,html5,mobile,javascript,database,django,debugging",0 - 3 yrs,Thiruvananthapuram,https://www.timesjobs.com/job-detail/python-developer-connecting-2-work-thiruvananthapuram-0-to-3-yrs-jobid-fZIps0aRnhxzpSvf__PLUS__uAgZw==&source=srp
Root Info Solutions,"python2,python3,django,javascript,html,postgresql/mysql,restapi,celeryrabbitmq,redis.,css,oop",2 - 3 yrs,"Delhi,  Delhi/NCR",https://www.timesjobs.com/job-detail/python-developer-root-info-solutions-delhi-delhi-ncr-2-to-3-yrs-jobid-fny4oGqOeQZzpSvf__PLUS__uAgZw==&source=srp
Blocklogy Edutech Private Limited,"python,c,c,naturallanguageprocessing,scala,datamining,machinelearning,artificialintelligence,patternrecognition",1 - 3 yrs,Navi Mumbai,https://www.timesjobs.com/job-detail/python-trainer-blocklogy-edutech-private-limited-navi-mumbai-1-to-3-yrs-jobid-aohXepAGrldzpSvf__PLUS__uAgZw==&source=srp
V Support Solutions,"rest,python,naturallanguageprocessing,django,debugging,mysql,softwaredeveloper,mongodb,soap",2 - 5 yrs,Chennai,https://www.timesjobs.com/job-detail/python-developer-v-support-solutions-chennai-2-to-5-yrs-jobid-xZ1x7dJZmzNzpSvf__PLUS__uAgZw==&source=srp
Pace Wisdom Solutions Pvt Ltd.,"fundamentals,algorithms,database,security,postgresql,datastructures,api,mongodb,rest,python,informationretrieval,django",5 - 8 yrs,Bengaluru / Bangalore,https://www.timesjobs.com/job-detail/python-lead-pace-wisdom-solutions-pvt-ltd-bengaluru-bangalore-5-to-8-yrs-jobid-VeoGmA__PLUS__ckl9zpSvf__PLUS__uAgZw==&source=srp
Veeva Systems,"css,database,postgresql,debugging,html,mysql,rest,san,python,javascript,django,forms",3 - 6 yrs,,https://www.timesjobs.com/job-detail/python-engineer-veeva-systems-3-to-6-yrs-jobid-4NKtQ__SLASH__ABtWRzpSvf__PLUS__uAgZw==&source=srp
Adroit Learning And Manpower Pvt Ltd,"restapi,sql,database,security,devops,rest,python,tornado,javascript,django,infrastructure",0 - 5 yrs,Ahmedabad,https://www.timesjobs.com/job-detail/python-developer-adroit-learning-and-manpower-pvt-ltd-ahmedabad-0-to-5-yrs-jobid-SV0IJvoyLGhzpSvf__PLUS__uAgZw==&source=srp
